rank	category	time	bib
1	19 | M	16:30	2170
2	29 | M	16:40	432
3	23 | M	17:22	2218
4	23 | M	17:29	1296
5	20 | M	17:37	959
6	20 | M	17:58	1646
7	24 | M	18:15	2159
8	22 | M	18:28	7
9	40 | F	18:59	381
10	25 | F	19:06	1380
11	16 | M	19:18	2161
12	27 | M	19:19	15
13	36 | M	19:20	115
14	25 | M	19:27	1070
15	34 | M	19:29	494
16	21 | M	19:30	721
17	31 | M	19:33	293
18	18 | F	19:36	1863
19	20 | M	19:39	2237
20	22 | M	19:44	1135
21	20 | M	19:46	1600
22	27 | M	19:50	949
23	20 |	19:55	1925
24	45 | M	19:58	631
25	29 | M	20:05	606
26	28 | M	20:13	709
27	32 | M	20:32	1734
28	18 | M	20:41	1934
29	24 | M	20:46	348
30	14 | M	20:51	497
31	30 | M	20:54	719
32	18 | M	20:58	1218
33	20 | M	21:05	1106
34	28 | M	21:06	2229
35	19 | M	21:09	1738
36	20 | M	21:22	1840
37	19 | F	21:28	961
38	32 | M	21:33	120
39	22 | M	21:46	1061
40	46 | F	21:51	1700
41	19 | M	21:55	1808
42	19 | M	22:00	2238
43	19 | M	22:08	714
44	22 | F	22:24	273
45	19 | F	22:25	1898
46	26 | M	22:27	1586
47	37 | M	22:31	529
48	22 | M	22:34	301
48	26 | M	22:34	663
48	27 | M	22:34	1942
51	26 | M	22:35	68
52	30 | M	22:41	1003
52	23 | M	22:41	1213
54	18 | M	22:42	950
54	62 | M	22:42	1849
56	18 | M	22:45	518
57	50 | F	22:47	1888
58	48 | M	22:48	500
59	19 | M	22:51	315
59	20 | M	22:51	2241
61	44 | F	22:54	1239
62	30 | M	22:59	766
63	33 | F	23:00	249
64	30 | M	23:03	972
65	27 |	23:04	879
66	21 | M	23:06	1957
67	18 | F	23:11	1940
68	26 | M	23:12	2186
69	24 | M	23:15	1592
70	17 | F	23:22	2226
71	31 | M	23:23	2235
72	14 | M	23:26	681
73	22 | M	23:28	1266
74	21 | M	23:29	1852
75	46 | M	23:32	881
76	14 | M	23:33	1374
77	29 |	23:34	1665
77	23 | F	23:34	1874
79	34 | F	23:36	288
80	12 | M	23:37	993
80	48 | M	23:37	436
82	21 | M	23:38	2236
83	38 | M	23:42	487
84	20 | M	23:45	2245
85	46 | F	23:46	453
86	45 | M	23:50	402
87	14 | F	23:58	1910
88	29 | M	24:00	1742
89	56 | M	24:01	1562
90	36 | M	24:02	229
91	26 | F	24:04	329
92	16 | M	24:07	580
92	18 | M	24:07	383
94	22 | F	24:08	1579
95	13 | M	24:09	309
95	50 | M	24:09	1908
97	38 | M	24:11	135
98	66 | M	24:12	912
99	14 | M	24:13	1707
100	18 | M	24:14	1652
101	30 | M	24:17	38
101	21 | F	24:17	290
103	63 | M	24:20	1820
103	27 | M	24:20	1724
105	39 | M	24:22	713
106	34 | M	24:25	1951
107	52 | M	24:28	65
108	18 | M	24:30	394
109	19 | M	24:32	220
109	47 | M	24:32	1231
111	57 | M	24:34	3362
112	45 | M	24:39	1373
113	19 | M	24:43	614
113	29 | M	24:43	583
115	67 | M	24:44	1262
116	13 | M	24:46	523
117	28 | M	24:47	1344
117	64 | M	24:47	227
119	55 | M	24:53	522
120	46 | M	24:54	581
121	45 | M	24:56	1803
121	30 | F	24:56	41
123	39 | M	24:58	1087
124	48 | M	25:02	979
124	28 | M	25:02	1594
126	27 | M	25:09	803
127	11 | M	25:11	1367
128	13 | F	25:13	886
129	15 | M	25:15	28
129	25 | M	25:15	686
131	36 | F	25:17	1634
132	22 | M	25:19	1596
133	40 | F	25:21	592
134	27 | M	25:22	310
135	21 | M	25:24	1814
136	18 | M	25:25	1568
137	29 | M	25:26	792
137	46 | M	25:26	851
137	20 | F	25:26	1717
140	31 | F	25:28	1246
141	28 | M	25:33	345
142	52 | F	25:38	906
143	23 | M	25:39	200
143	38 | M	25:39	57
143	18 | F	25:39	1696
146	21 | F	25:40	1115
146	12 | M	25:40	548
148	18 | M	25:41	826
148	22 | M	25:41	1119
150	50 | M	25:42	291
150	14 | M	25:42	312
152	20 | M	25:43	924
152	27 | M	25:43	1414
152	19 | F	25:43	923
155	29 | M	25:44	1505
155	30 | M	25:44	1348
157	53 | M	25:46	1432
158	14 | F	25:48	700
158	43 | F	25:48	1535
160	36 | M	25:49	95
160	18 | M	25:49	1733
162	25 | F	25:51	696
163	13 | M	25:52	668
164	13 | F	25:53	1123
165	11 | M	25:54	628
166	32 | F	25:55	1199
167	52 | M	26:02	1659
168	23 | F	26:06	1643
169	52 | M	26:07	927
169	19 | M	26:07	978
171	23 | M	26:08	416
171	12 | F	26:08	1640
171	32 | F	26:08	575
174	16 | F	26:10	139
175	60 | M	26:12	1641
175	26 | F	26:12	468
177	51 | F	26:15	1711
178	46 | M	26:18	729
179	52 | M	26:22	424
179	27 | M	26:22	1088
181	21 | M	26:24	2243
181	33 | M	26:24	847
183	18 | M	26:26	1728
184	31 | F	26:27	1533
185	37 | M	26:29	553
186	19 | F	26:34	1353
187	34 | M	26:36	198
188	24 | M	26:38	1639
189	44 | F	26:39	475
190	54 | F	26:41	748
191	25 | M	26:42	1522
191	26 | M	26:42	2079
191	68 | M	26:42	374
194	19 | F	26:43	586
195	46 | M	26:44	874
196	25 | F	26:45	1740
197	49 | M	26:46	1383
198	22 | M	26:47	77
198	21 | F	26:47	2168
200	33 | M	26:48	1409
201	41 | M	26:50	525
201	21 | M	26:50	805
201	21 | F	26:50	1100
204	35 | M	26:51	728
205	42 | M	26:53	271
206	65 | M	26:57	1105
207	37 | F	26:58	217
208	24 | M	27:01	1735
209	19 | M	27:02	554
210	37 | M	27:04	794
211	38 | M	27:07	299
211	27 | M	27:07	966
213	27 | F	27:09	795
214	13 | M	27:10	389
215	21 | F	27:11	757
216	31 | F	27:12	1219
216	40 | M	27:12	1002
218	56 | M	27:16	1727
218	39 | F	27:16	364
220	20 | M	27:17	1028
221	36 | M	27:19	656
222	32 | M	27:21	2080
222	27 | F	27:21	2234
224	26 | F	27:23	84
224	24 | F	27:23	1354
226	27 | F	27:24	1433
226	56 | M	27:24	1903
228	45 | F	27:25	1388
229	32 | F	27:27	1349
230	33 | F	27:28	988
231	50 | M	27:29	1253
231	22 | M	27:29	958
231	18 | M	27:29	1661
234	58 | M	27:31	489
235	39 | F	27:32	1917
235	47 | F	27:32	2169
237	31 | F	27:33	1871
238	43 | M	27:35	1057
239	28 | M	27:41	1055
239	10 | M	27:41	2196
241	24 | F	27:46	579
242	16 | F	27:47	1127
242	39 | M	27:47	1843
244	24 | F	27:48	1699
245	19 | F	27:49	875
246	29 | M	27:51	1095
247	44 | F	27:53	17
248	43 | M	27:57	1121
248	22 | F	27:57	1848
250	47 | M	27:58	683
251	19 | M	27:59	419
252	45 | F	28:02	1240
253	55 | M	28:03	1944
254	31 | M	28:07	1941
255	26 | M	28:08	1445
256	21 | M	28:09	359
256	37 | F	28:09	1948
258	35 | M	28:10	1573
259	28 | M	28:12	1928
260	51 | M	28:13	960
261	36 | M	28:15	74
262	50 | M	28:16	1617
262	29 | M	28:16	428
264	22 | F	28:17	1133
265	23 | F	28:18	1836
266	20 | F	28:19	660
267	25 | F	28:20	965
268	34 | M	28:21	1306
269	19 | F	28:23	1372
269	49 | F	28:23	482
271	46 | F	28:24	524
271	19 | F	28:24	1273
271	24 | M	28:24	1743
274	25 | M	28:25	186
275	30 | M	28:28	1933
276	23 | M	28:29	1644
276	31 | F	28:29	1437
278	28 | M	28:30	1824
279	61 | M	28:31	1593
280	25 | M	28:32	838
281	31 | F	28:36	1413
282	54 | F	28:38	1412
283	31 | F	28:39	1179
283	20 | F	28:39	382
285	27 | F	28:40	308
286	35 | M	28:43	506
287	53 | F	28:46	922
288	21 | F	28:47	1698
289	21 | F	28:48	1377
289	17 | F	28:48	3553
291	18 | F	28:49	967
291	38 | M	28:49	31
293	57 | M	28:50	1570
293	12 | F	28:50	701
293	23 | F	28:50	1822
293	35 | F	28:50	1616
293	46 | F	28:50	144
298	36 |	28:52	1274
299	57 | M	28:53	1668
300	44 | M	28:58	203
300	24 | M	28:58	607
302	7 | M	28:59	1904
303	29 | M	29:02	163
303	31 | F	29:02	531
305	28 | M	29:04	240
306	65 | M	29:06	1073
307	33 | M	29:07	1263
308	32 | M	29:09	1275
308	31 | M	29:09	346
308	68 | M	29:09	1331
308	52 | F	29:09	1204
312	20 | F	29:10	1647
313	25 | M	29:12	333
314	46 | M	29:13	745
315	30 | M	29:16	1534
316	49 | M	29:19	1512
316	41 | M	29:19	1084
316	37 | F	29:19	356
319	22 | F	29:20	195
320	23 | M	29:22	644
320	61 | F	29:22	495
322	37 | M	29:25	157
322	35 | M	29:25	111
322	34 | M	29:25	1376
322	26 | F	29:25	1575
326	38 | M	29:27	670
327	63 | M	29:28	2180
327	59 | M	29:28	980
329	31 | M	29:29	1429
330	19 | M	29:30	1674
330	53 | M	29:30	1536
330	60 | M	29:30	1557
333	75 | M	29:32	1006
333	50 | M	29:32	231
335	22 | F	29:33	2163
336	22 | F	29:34	16
336	23 | M	29:34	1555
336	29 | M	29:34	566
339	43 | M	29:36	193
339	22 | M	29:36	1800
341	31 | M	29:37	1537
341	56 | F	29:37	384
343	20 | M	29:40	1191
343	32 | M	29:40	239
343	54 | M	29:40	542
346	43 | M	29:41	1166
346	19 | F	29:41	1356
348	45 | F	29:42	605
349	21 | F	29:43	1819
350	50 | M	29:44	595
351	29 | M	29:47	101
351	37 | F	29:47	362
353	11 | F	29:48	1490
353	21 | M	29:48	1704
353	45 | M	29:48	1487
353	38 | M	29:48	1714
357	22 | M	29:50	1550
358	37 | M	29:51	1801
358	41 | M	29:51	1611
360	34 | F	29:52	2205
361	28 | M	29:53	970
362	20 | F	29:56	1574
363	39 | F	29:58	170
363	15 | M	29:58	2182
363	52 | F	29:58	1463
366	74 | M	30:01	1270
367	65 | M	30:04	672
367	12 | M	30:04	322
367	26 | M	30:04	1324
370	26 | M	30:06	652
370	18 | F	30:06	110
372	31 | F	30:07	1531
373	31 | F	30:08	1709
373	17 | F	30:08	1648
373	42 | F	30:08	1189
376	12 | F	30:09	2240
376	75 | M	30:09	1357
378	43 | M	30:10	1549
379	43 | M	30:11	708
379	72 | M	30:11	429
379	39 | F	30:11	1290
382	18 | M	30:13	1604
383	24 | M	30:14	252
384	29 | F	30:15	147
385	19 | F	30:18	1726
385	50 | F	30:18	2227
387	61 | M	30:19	1918
387	23 | M	30:19	1821
389	31 | M	30:22	107
389	52 | M	30:22	625
389	45 | F	30:22	1142
392	33 | M	30:23	174
393	28 | F	30:24	816
394	22 | F	30:25	492
394	22 | M	30:25	1387
396	15 | F	30:28	1293
397	43 | M	30:30	1368
398	18 | M	30:33	206
398	34 | F	30:33	3350
400	37 | M	30:34	1947
401	65 | M	30:35	1243
402	11 | M	30:36	2211
402	41 | F	30:36	2193
404	30 | F	30:37	1525
405	31 | F	30:39	2171
406	19 | F	30:42	1909
407	19 | F	30:44	3951
407	18 | F	30:44	1164
409	23 | M	30:45	1154
410	22 | F	30:46	1806
411	29 | M	30:48	404
412	35 | M	30:49	948
413	50 | M	30:51	2209
414	24 | M	30:52	295
415	32 | M	30:54	191
416	39 | M	30:55	1291
416	18 | F	30:55	577
416	32 | F	30:55	242
419	33 | F	30:57	530
420	35 | M	30:58	674
420	50 | M	30:58	544
422	41 | F	30:59	866
422	48 | F	30:59	2172
424	32 | M	31:01	223
425	20 | F	31:02	79
426	62 | F	31:04	439
427	35 | F	31:06	1022
428	31 | M	31:07	777
429	46 | M	31:08	3126
430	38 | M	31:09	863
430	28 | F	31:09	983
430	53 | F	31:09	556
433	31 | F	31:10	1633
434	31 | F	31:11	610
434	27 | F	31:11	121
436	31 | M	31:12	241
437	27 | F	31:13	418
437	34 | F	31:13	947
439	7 | M	31:14	1680
440	21 | M	31:15	172
440	47 | F	31:15	1232
442	31 | M	31:16	420
442	53 | M	31:16	1517
442	20 | F	31:16	131
445	29 | F	31:17	690
445	23 | M	31:17	1518
447	31 | F	31:18	324
447	39 | F	31:18	1946
449	29 | M	31:19	788
450	54 | F	31:21	543
451	54 | F	31:27	2233
452	39 | F	31:29	895
453	34 | M	31:30	337
454	26 | M	31:37	82
454	23 | M	31:37	1715
456	19 | M	31:38	1902
457	8 | M	31:39	465
457	44 | F	31:39	430
459	29 | F	31:45	1485
459	23 | F	31:45	893
461	32 | F	31:46	1486
461	35 | F	31:46	526
463	33 | F	31:47	1132
463	37 | F	31:47	88
463	36 | F	31:47	1359
463	67 | M	31:47	1244
463	42 | F	31:47	1609
468	28 | F	31:48	1190
469	30 | F	31:49	2179
470	25 | F	31:53	1346
470	45 | M	31:53	1089
472	43 | M	31:54	1650
472	47 | M	31:54	307
474	23 | M	31:56	1645
475	8 | M	31:57	1608
475	18 | F	31:57	1689
475	18 | F	31:57	1690
478	46 | M	31:59	1539
479	48 | F	32:00	480
480	26 | M	32:02	1721
480	26 | M	32:02	769
482	28 | M	32:03	1722
483	28 | F	32:04	760
484	37 | F	32:08	1681
484	25 | M	32:08	1157
484	53 | M	32:08	1565
484	60 | F	32:08	775
488	48 | F	32:09	1016
488	49 | F	32:09	1008
488	45 | M	32:09	1827
488	44 | M	32:09	1454
492	9 | M	32:11	536
492	24 | F	32:11	528
494	25 | M	32:15	1112
494	46 | M	32:15	1460
496	13 |	32:16	1294
497	37 | M	32:17	1352
498	18 | F	32:18	1817
499	23 | F	32:19	113
500	21 | F	32:20	298
500	21 | M	32:20	1024
502	24 | M	32:21	1320
503	37 | F	32:22	1907
504	52 | F	32:23	1541
505	46 | F	32:24	1461
506	19 | F	32:25	1618
507	27 | F	32:30	1395
508	24 | M	32:31	550
508	40 | F	32:31	860
510	27 | M	32:32	1869
510	27 | M	32:32	1861
510	51 | M	32:32	208
513	35 | M	32:33	1687
513	25 | F	32:33	1860
513	51 | F	32:33	1053
516	32 | M	32:34	235
517	8 | F	32:35	319
517	39 | F	32:35	318
519	43 | F	32:36	934
520	37 | F	32:40	1256
520	18 | F	32:40	1675
522	18 | F	32:41	1672
523	22 | F	32:43	1552
524	53 | F	32:44	1551
525	40 | F	32:46	188
525	22 | F	32:46	435
525	32 | F	32:46	3245
528	36 | M	32:48	1921
529	25 | M	32:49	262
530	24 | F	32:50	861
531	15 | F	32:52	741
531	56 | M	32:52	1716
533	32 | F	32:53	1638
534	69 | M	32:54	1345
534	57 | M	32:54	1075
536	49 | M	32:55	742
536	39 | M	32:55	1813
536	34 | M	32:55	1637
539	34 | F	32:56	3204
540	37 | F	32:57	911
540	32 | F	32:57	3036
540	33 | M	32:57	3162
543	46 | F	33:00	1514
544	49 | F	33:01	977
544	27 | F	33:01	901
546	67 | M	33:02	1913
547	69 | M	33:05	274
547	68 | M	33:05	1014
547	26 | M	33:05	66
547	68 | F	33:05	1245
551	19 | M	33:06	1663
552	19 | M	33:07	2230
552	54 | F	33:07	1188
554	28 | F	33:08	1020
555	11 | M	33:09	1343
556	19 | F	33:10	1662
557	28 | M	33:12	1622
557	45 | F	33:12	1096
559	62 | F	33:14	1850
560	48 | M	33:15	853
561	9 | M	33:16	388
562	45 | M	33:17	1939
562	22 | M	33:17	302
564	42 | F	33:18	390
564	47 | F	33:18	1138
566	45 | F	33:19	1938
567	18 | F	33:21	1155
568	18 | F	33:22	613
568	58 | F	33:22	1257
570	24 | F	33:23	1566
570	21 | M	33:23	1736
572	68 | F	33:24	1335
573	26 | M	33:25	964
573	35 | F	33:25	809
575	9 | M	33:26	818
576	20 | M	33:28	243
576	22 | F	33:28	1364
578	43 | M	33:29	1405
579	43 | M	33:30	250
579	15 | F	33:30	125
581	30 | F	33:31	858
581	38 | M	33:31	808
583	25 | F	33:32	621
584	23 | F	33:33	1584
585	45 | M	33:34	1175
586	43 | M	33:35	1114
587	8 | F	33:40	1220
587	35 | F	33:40	1221
589	39 | F	33:41	365
589	18 | F	33:41	423
591	72 | M	33:42	396
592	21 | F	33:43	2166
592	21 | F	33:43	2167
594	11 | F	33:45	313
594	38 | F	33:45	56
594	60 | F	33:45	717
594	48 | F	33:45	498
598	36 | F	33:46	909
599	62 | M	33:47	256
600	36 | M	33:48	559
600	18 | M	33:48	1621
600	46 | F	33:48	3366
603	10 | F	33:50	854
604	23 | F	33:52	806
605	44 | F	33:53	962
605	42 | F	33:53	78
607	62 | F	33:54	255
607	51 | F	33:54	1265
609	51 | F	33:55	1347
610	27 | M	33:57	1081
611	28 | M	33:59	1510
612	46 | M	34:01	403
612	34 | F	34:01	385
614	28 | F	34:02	691
615	55 | M	34:04	1930
616	62 | M	34:06	908
617	29 | F	34:07	1831
618	20 | F	34:08	1953
618	67 | F	34:08	1328
620	32 | M	34:09	182
621	20 | F	34:10	2204
621	39 | F	34:10	1441
623	13 | M	34:11	1170
624	9 | M	34:13	1149
625	21 | M	34:15	1916
625	41 | F	34:15	1151
627	49 | F	34:16	699
627	56 | F	34:16	11
629	43 | M	34:17	425
630	32 | F	34:18	956
631	36 | M	34:21	296
632	44 | F	34:22	1905
633	27 | F	34:23	1591
633	36 | F	34:23	1873
633	19 | F	34:23	1143
636	59 | M	34:25	1906
637	18 | F	34:27	6
638	34 | M	34:29	1589
639	15 | F	34:30	148
639	18 |	34:30	151
641	12 | F	34:34	780
641	43 | F	34:34	781
643	69 | M	34:35	650
643	64 | M	34:35	508
643	23 | F	34:35	1712
646	57 | M	34:36	930
647	42 | F	34:37	1046
647	52 | F	34:37	278
649	35 | M	34:41	882
650	37 | M	34:43	643
651	30 | M	34:44	836
651	39 | F	34:44	1272
651	33 | F	34:44	358
651	33 | F	34:44	496
651	27 | F	34:44	328
656	27 | F	34:45	211
656	23 | M	34:45	1720
656	65 | F	34:45	1183
659	27 | M	34:47	1447
659	41 | M	34:47	1701
659	27 | F	34:47	759
662	53 | M	34:49	127
663	49 | M	34:51	2181
664	19 | M	34:53	582
664	28 | F	34:53	1227
664	58 | F	34:53	1943
667	24 | F	34:55	722
668	50 | M	34:56	957
669	51 | M	34:57	1128
669	27 |	34:57	732
671	24 | F	34:58	832
672	19 | F	35:01	1029
673	19 | F	35:02	785
673	20 | F	35:02	1876
673	19 | M	35:02	1673
673	26 | M	35:02	164
673	54 | M	35:02	925
678	27 | F	35:03	515
678	26 | F	35:03	2224
678	44 | F	35:03	426
681	28 | M	35:04	837
682	29 | M	35:05	565
682	24 | M	35:05	185
682	19 | F	35:05	87
682	21 | F	35:05	1856
682	18 | F	35:05	184
682	54 | F	35:05	1140
688	32 | M	35:07	1082
689	32 | M	35:08	848
690	13 | F	35:10	963
691	14 | F	35:11	204
691	21 | F	35:11	1043
693	19 | F	35:14	96
694	44 | F	35:15	724
695	64 | F	35:16	270
696	19 | F	35:23	1538
696	20 | F	35:23	1141
696	21 | F	35:23	70
699	26 | F	35:24	1725
700	26 | M	35:28	409
701	26 | F	35:29	197
702	57 | F	35:32	928
703	14 | M	35:36	2210
704	41 | M	35:37	846
704	55 | M	35:37	2215
704	42 | M	35:37	821
704	14 | F	35:37	2214
704	45 | F	35:37	822
709	42 | F	35:39	684
709	11 | M	35:39	680
711	40 | M	35:40	1870
712	51 | M	35:41	1314
713	47 | F	35:43	898
714	27 | F	35:44	676
715	18 | F	35:46	1595
715	41 | M	35:46	341
717	50 | F	35:47	1837
717	52 | F	35:47	1911
719	53 | M	35:48	1812
720	21 | M	35:51	1590
720	35 | F	35:51	712
722	29 | F	35:53	354
722	29 | M	35:53	353
724	35 | F	35:55	1811
724	10 | F	35:55	1122
726	19 | F	35:56	1561
726	18 | M	35:56	1152
728	13 | F	35:57	2195
728	52 | F	35:57	379
730	19 | F	35:58	245
731	19 | F	36:00	585
731	49 | F	36:00	3058
731	66 | F	36:00	1524
734	33 | F	36:02	1439
735	53 | F	36:04	1931
736	63 | F	36:05	784
736	34 | F	36:05	336
738	31 | M	36:07	1492
739	29 | M	36:08	3496
739	27 | F	36:08	1019
741	40 | M	36:13	1703
742	62 | F	36:14	842
743	31 | F	36:16	3280
743	14 | F	36:16	1212
743	75 | M	36:16	1237
746	19 | F	36:17	53
747	26 | F	36:18	1511
748	56 | F	36:19	756
749	29 | F	36:20	234
750	27 | F	36:21	813
750	34 | M	36:21	233
750	9 | M	36:21	335
753	19 | M	36:22	1678
754	31 | M	36:24	228
755	11 | F	36:26	1610
756	45 | M	36:27	334
757	21 | F	36:28	3384
758	38 | F	36:30	558
759	39 | F	36:32	3646
759	40 | M	36:32	3355
761	30 | F	36:33	1040
761	25 | F	36:33	1113
761	25 | F	36:33	1664
764	27 | F	36:35	661
764	72 | F	36:35	1276
766	50 | F	36:38	810
766	11 | F	36:38	1310
768	48 | F	36:39	29
769	49 | M	36:44	499
769	11 | M	36:44	870
771	28 | F	36:45	1693
772	26 | F	36:48	1162
772	40 | F	36:48	1702
774	42 | M	36:49	1370
775	23 | F	36:55	799
776	52 | M	36:56	1173
777	52 | M	37:01	434
778	10 | F	37:02	433
778	30 | F	37:02	1056
780	26 | M	37:04	1226
781	32 | F	37:06	1185
782	26 | F	37:08	2222
782	26 | M	37:08	2198
784	28 | M	37:11	706
784	28 | F	37:11	990
786	38 | M	37:12	1415
787	44 | F	37:14	1037
788	28 | M	37:17	1284
789	17 | F	37:18	1543
790	53 | F	37:21	768
791	59 | F	37:22	1585
791	42 | M	37:22	275
793	23 | F	37:27	1457
793	22 | F	37:27	397
793	33 | F	37:27	929
796	30 | F	37:28	1168
796	27 | M	37:28	8
798	29 | M	37:31	1542
799	47 | F	37:32	1090
800	29 | M	37:35	1035
800	26 | M	37:35	1278
802	28 | F	37:36	507
803	30 | F	37:37	931
803	37 | F	37:37	987
803	32 | M	37:37	196
806	32 | F	37:38	1338
807	36 | F	37:41	1470
808	39 | F	37:44	599
809	45 | F	37:51	1923
810	38 | F	37:53	192
811	46 | M	37:54	1021
812	43 | M	37:56	855
812	33 | M	37:56	1627
814	23 | M	37:57	441
814	24 | F	37:57	490
816	23 | F	37:58	48
817	21 | F	38:00	294
817	32 | M	38:00	1476
819	33 | F	38:04	355
820	25 | F	38:07	1509
821	33 | F	38:08	1385
822	30 | F	38:11	1631
822	26 | F	38:11	634
824	28 | F	38:12	1322
825	35 | M	38:13	1001
826	37 | M	38:15	2084
827	25 | M	38:16	862
827	18 | F	38:16	1440
829	26 | F	38:17	1455
830	38 | M	38:18	1481
831	58 | M	38:19	1456
831	39 | F	38:19	2083
833	36 | F	38:20	617
834	45 | M	38:25	1282
835	27 | F	38:26	738
836	39 | F	38:27	823
836	43 | F	38:27	105
836	76 | F	38:27	1651
839	20 | F	38:29	2239
840	24 | F	38:30	1832
840	38 | F	38:30	343
840	26 | F	38:30	1809
840	67 | F	38:30	512
840	40 | F	38:30	1063
845	29 | M	38:32	1677
846	44 | F	38:33	160
847	49 | F	38:35	261
847	30 | F	38:35	560
849	40 | M	38:41	1039
850	55 | M	38:44	516
851	9 | F	38:46	1804
852	22 | F	38:47	1572
853	35 | M	38:48	306
854	21 | F	38:49	693
855	50 | M	38:53	1732
856	21 | F	38:54	555
856	56 | F	38:54	1688
858	21 | F	38:55	1807
858	26 | F	38:55	744
860	33 | F	38:56	900
860	42 | M	38:56	1169
862	53 | F	38:58	892
862	58 | F	38:58	248
864	53 | M	38:59	138
864	41 | M	38:59	1342
866	27 | F	39:01	237
867	29 | F	39:06	938
868	35 | M	39:07	939
869	65 | M	39:08	427
870	67 | M	39:09	156
871	29 | F	39:14	281
872	27 | F	39:15	1494
873	50 | M	39:18	472
873	29 | M	39:18	1419
875	18 | F	39:22	1915
875	42 | F	39:22	469
877	27 | F	39:23	1136
877	31 | M	39:23	1408
879	69 | F	39:24	716
880	31 | M	39:27	994
880	34 | F	39:27	975
882	30 | F	39:28	350
883	39 | M	39:29	976
884	48 | F	39:32	3198
885	50 | F	39:36	280
885	23 | M	39:36	2184
887	35 | M	39:37	584
888	33 | F	39:38	1363
888	49 | F	39:38	1066
890	20 | F	39:40	1929
891	43 | F	39:42	2158
892	33 | F	39:46	1330
893	59 | F	39:50	995
894	32 | F	39:53	46
894	67 | M	39:53	999
896	54 | F	39:58	216
897	7 | F	40:00	175
897	39 | M	40:00	176
899	12 | M	40:01	817
899	44 | F	40:01	819
901	56 | F	40:06	153
902	57 | M	40:09	154
903	49 | M	40:10	150
903	50 | F	40:10	149
905	37 | F	40:13	844
906	33 | F	40:14	1744
906	64 | M	40:14	996
906	58 | F	40:14	1448
909	46 | F	40:17	446
910	12 | M	40:21	447
911	20 | F	40:22	1086
912	57 | M	40:23	623
912	56 | F	40:23	622
914	55 | F	40:26	936
915	64 | F	40:27	408
915	12 | M	40:27	1229
915	26 | F	40:27	3367
918	47 | F	40:28	1184
918	43 | F	40:28	1230
920	40 | F	40:29	869
921	25 | F	40:30	646
921	23 | M	40:30	119
923	7 | F	40:31	1311
923	48 | F	40:31	363
923	53 | F	40:31	124
926	43 | F	40:33	1482
927	25 | F	40:36	488
928	49 | M	40:37	1339
929	11 | M	40:38	630
929	46 | F	40:38	1259
931	25 | F	40:39	226
932	47 | F	40:42	491
933	21 | F	40:45	604
933	21 | M	40:45	1023
935	28 | F	40:46	486
936	34 | F	40:47	3375
936	23 | M	40:47	3550
938	74 | F	40:49	1671
939	37 | F	40:50	303
940	39 | F	40:51	632
941	38 | F	40:53	1209
942	47 | F	40:54	1602
942	50 | F	40:54	1601
944	9 | F	40:55	578
945	55 | F	41:02	1124
946	49 | F	41:04	58
947	40 | M	41:16	1914
948	28 | M	41:19	1207
949	30 | F	41:21	945
950	28 | F	41:22	704
950	23 | F	41:22	793
952	23 | F	41:23	1223
953	54 | F	41:24	1224
954	46 | F	41:25	629
955	49 | F	41:28	1635
955	49 | F	41:28	1636
957	41 | M	41:30	267
958	26 | M	41:31	2206
958	60 | M	41:31	904
958	10 | M	41:31	268
961	30 | F	41:33	1867
962	31 | F	41:36	1436
963	31 | F	41:37	852
964	23 | F	41:38	612
964	25 | F	41:38	222
964	33 | M	41:38	1438
967	47 | F	41:42	884
968	54 | M	41:44	885
968	32 | F	41:44	1866
968	38 | F	41:44	725
971	48 | M	41:46	1098
971	43 | M	41:46	1097
971	25 | M	41:46	521
971	8 | M	41:46	269
975	40 | F	41:47	266
976	63 | M	41:49	685
977	22 | F	41:52	618
978	27 | F	41:53	1483
979	28 | F	41:54	71
979	14 | M	41:54	1390
979	28 | M	41:54	986
982	36 | M	41:55	1851
982	29 | F	41:55	692
982	13 | F	41:55	2223
985	39 | F	42:02	1067
985	31 | M	42:02	1283
987	33 | F	42:03	1200
988	36 | F	42:05	715
989	34 | F	42:06	798
989	32 | F	42:06	1410
991	34 | F	42:09	1670
992	36 | F	42:10	1932
992	32 | M	42:10	1201
994	34 | M	42:11	2165
994	10 | F	42:11	1607
996	31 | F	42:12	608
997	32 | F	42:14	2164
997	25 | M	42:14	2202
997	19 | M	42:14	2203
1000	41 | M	42:15	372
1000	22 | F	42:15	2201
1002	54 | M	42:16	1692
1003	39 | F	42:17	370
1004	31 | F	42:26	1026
1005	33 | F	42:29	1109
1006	38 | M	42:31	1810
1007	42 | M	42:32	859
1007	60 | F	42:32	1326
1009	20 | F	42:33	1332
1010	39 | F	42:35	1548
1010	39 | M	42:35	1386
1010	42 | F	42:35	1258
1013	34 | F	42:37	272
1014	33 | F	42:49	2157
1014	27 | M	42:49	1431
1014	50 | F	42:49	1679
1017	18 | M	42:50	1303
1017	24 | F	42:50	1337
1017	68 | M	42:50	3322
1020	48 | M	42:53	1180
1021	53 | F	42:54	593
1022	40 | M	42:55	1882
1023	52 | M	42:56	108
1024	38 | M	42:57	134
1024	30 | F	42:57	702
1026	34 | F	42:58	1935
1026	25 | M	42:58	221
1028	64 | M	42:58	783
1029	49 | M	43:00	1269
1029	50 | F	43:00	146
1031	36 | F	43:01	3423
1032	55 | M	43:03	944
1033	38 | M	43:04	2177
1033	30 | M	43:04	1682
1033	7 | F	43:04	2178
1036	36 | F	43:10	1071
1037	38 | F	43:15	1956
1038	48 | M	43:18	802
1039	11 | M	43:19	801
1040	42 | F	43:22	1211
1041	10 | F	43:24	1281
1042	29 | M	43:26	3755
1043	59 | M	43:28	633
1044	37 | M	43:29	1453
1045	27 | M	43:29	1958
1045	27 | F	43:29	1815
1047	41 | M	43:32	34
1048	30 | F	43:33	247
1049	33 | F	43:33	35
1050	22 | F	43:41	1835
1050	21 | F	43:41	1841
1052	24 | F	43:45	1225
1053	19 | F	43:46	1301
1054	52 | F	43:50	572
1055	25 | M	43:52	1197
1056	31 | F	43:53	1838
1057	21 | F	43:54	1260
1058	21 | F	43:55	688
1059	43 | M	43:56	1362
1059	56 | F	43:56	62
1061	73 | M	44:01	918
1062	40 | F	44:04	664
1063	57 | M	44:04	502
1064	26 | F	44:06	297
1065	12 | M	44:10	1150
1066	43 | M	44:12	1148
1067	23 | F	44:13	466
1068	35 | F	44:14	743
1069	29 | F	44:16	1686
1069	18 | F	44:16	1065
1071	25 | M	44:17	1893
1071	24 | M	44:17	1922
1073	35 | M	44:17	505
1073	45 | F	44:17	1206
1073	49 | F	44:17	311
1076	14 | F	44:18	117
1077	39 | F	44:18	1355
1078	26 | F	44:20	1118
1078	26 | M	44:20	1110
1078	26 | M	44:20	1027
1081	72 | F	44:21	5
1082	37 | F	44:23	877
1083	48 | M	44:25	1295
1084	54 | F	44:28	677
1085	37 | F	44:30	1076
1086	36 | F	44:31	3609
1086	44 | F	44:31	894
1088	41 | F	44:32	253
1088	41 | F	44:32	1451
1090	28 | M	44:33	1926
1091	41 | F	44:34	1336
1092	29 | F	44:34	1875
1092	25 | F	44:34	1163
1094	25 | F	44:36	399
1094	37 | F	44:36	371
1096	36 | M	44:40	514
1097	26 | F	44:46	474
1098	37 | F	44:47	694
1099	18 | F	44:48	473
1100	25 | F	44:50	774
1100	25 | M	44:50	541
1102	25 | F	44:51	440
1103	61 | M	44:59	20
1104	53 | F	45:07	1554
1105	63 | F	45:13	2247
1106	26 | F	45:20	145
1107	60 | F	45:23	1844
1108	60 | M	45:24	1845
1109	8 | F	45:31	1341
1109	40 | F	45:31	1340
1111	39 | F	45:37	698
1112	33 | F	45:40	2183
1112	29 | F	45:40	92
1112	28 | F	45:40	1450
1115	32 | F	45:47	1469
1116	18 | F	45:49	1706
1116	53 | F	45:49	1705
1118	25 | F	45:53	1465
1118	29 | F	45:53	2225
1118	26 | M	45:53	1708
1121	30 | F	46:00	1723
1122	28 | M	46:05	2246
1123	39 | M	46:05	140
1124	46 | M	46:07	627
1124	37 | F	46:07	3167
1126	30 | F	46:08	1068
1126	75 | M	46:08	3104
1128	33 | F	46:10	1007
1129	51 | F	46:15	1391
1130	70 | M	46:15	406
1131	35 | M	46:16	1834
1132	11 | M	46:17	1051
1133	56 | F	46:21	1172
1134	65 | F	46:24	1137
1135	29 | M	46:25	703
1136	26 | F	46:26	1868
1137	57 | F	46:29	707
1138	10 | F	46:30	549
1139	48 | F	46:31	2082
1140	10 | F	46:33	1865
1141	14 | F	46:34	1846
1142	12 | F	46:37	414
1142	44 | F	46:37	415
1144	60 | F	46:38	1125
1145	60 | F	46:40	1630
1146	44 | F	46:41	323
1147	33 | M	46:41	1287
1148	34 | F	46:42	257
1149	35 | F	46:44	557
1149	32 | F	46:44	314
1151	21 | F	46:45	264
1152	31 | F	46:46	1480
1152	35 | F	46:46	1045
1154	43 | F	46:47	1802
1155	67 | M	46:48	537
1156	42 | F	46:52	276
1157	28 | F	46:53	282
1158	31 | M	46:54	283
1159	40 | F	46:56	133
1160	44 | F	46:58	903
1160	33 | M	46:58	2154
1160	21 | F	46:58	330
1163	62 | F	47:02	21
1164	42 | F	47:05	2185
1165	49 | F	47:09	1165
1166	71 | M	47:10	317
1167	33 | F	47:14	2155
1168	33 | F	47:19	459
1169	40 | F	47:32	1862
1170	60 | F	47:35	158
1170	38 | F	47:35	1038
1172	25 | F	47:49	67
1173	9 | M	48:05	412
1173	23 |	48:05	1288
1175	38 | M	48:06	864
1176	41 | M	48:09	413
1177	57 | M	48:10	201
1177	56 | F	48:10	98
1179	44 | F	48:11	899
1180	55 | F	48:15	1305
1180	56 | M	48:15	1304
1182	26 | M	48:18	639
1183	43 | M	48:20	1818
1184	25 | F	48:24	839
1185	25 | F	48:26	1126
1185	26 | M	48:26	517
1187	26 | M	48:29	840
1188	57 | M	48:31	448
1189	64 | F	48:40	601
1190	51 | F	48:44	1033
1191	45 | F	48:45	3529
1192	47 | F	48:46	3567
1192	35 | F	48:46	1491
1194	39 | F	48:54	14
1195	17 | F	48:56	3307
1195	15 | M	48:56	3308
1197	33 | M	48:57	3693
1198	13 | F	49:01	2212
1199	40 | F	49:02	594
1200	61 | F	49:17	169
1201	75 | M	49:17	981
1201	28 | M	49:17	1120
1203	58 | F	49:22	1402
1204	24 | M	49:31	1289
1205	23 | F	49:32	1654
1205	63 | F	49:32	787
1207	24 | M	49:35	1657
1208	24 | F	49:39	1656
1209	42 | M	49:40	829
1210	35 | F	49:41	636
1211	38 | F	49:44	946
1212	34 | F	49:46	940
1212	20 | F	49:46	1896
1212	44 | M	49:46	1139
1212	63 | F	49:46	682
1212	65 | F	49:46	2248
1217	36 | M	49:48	941
1218	35 | F	49:52	985
1218	37 | F	49:52	360
1220	15 | M	50:00	305
1221	52 | M	50:05	935
1222	48 | F	50:07	304
1223	41 | F	50:08	1890
1223	45 | M	50:08	1891
1225	24 | M	50:12	1655
1226	23 | F	50:14	1653
1227	27 | F	50:16	380
1228	31 | M	50:27	1912
1229	33 | F	50:28	1889
1230	60 | F	50:33	73
1231	57 | F	50:37	609
1232	52 | F	50:39	225
1232	19 | F	50:39	763
1234	12 | F	50:40	159
1234	31 | F	50:40	1919
1236	39 | F	50:46	1892
1237	50 | M	50:47	377
1237	50 | F	50:47	378
1239	39 | F	50:51	60
1240	43 | M	50:52	59
1241	35 | F	51:14	1444
1242	41 | F	51:24	52
1243	54 | F	51:25	1047
1243	54 | F	51:25	825
1243	24 | F	51:25	1683
1246	60 | F	51:27	1458
1247	22 | F	51:33	1605
1248	22 | F	51:39	1614
1249	38 | M	51:42	2081
1250	60 | F	51:54	114
1251	57 | M	51:58	112
1252	21 | M	52:07	1719
1252	19 | F	52:07	1718
1252	28 | F	52:07	635
1255	28 | M	52:11	351
1256	34 | M	52:13	1108
1257	11 | M	52:21	590
1258	44 | M	52:22	589
1258	69 | F	52:22	331
1260	26 | F	52:24	1676
1261	63 | F	52:26	1277
1262	46 | F	52:30	3672
1263	53 | M	52:35	973
1264	31 | F	52:37	1521
1265	10 | F	52:38	2156
1266	54 | F	52:41	974
1267	32 | F	52:45	917
1268	30 | F	52:46	915
1269	58 | F	52:48	1839
1270	40 | F	52:49	411
1271	42 | M	52:53	657
1272	58 | M	52:55	1666
1273	13 | F	52:56	1054
1274	58 | M	52:57	1042
1274	44 | F	52:57	1667
1274	61 | F	52:57	484
1277	55 | F	52:59	1049
1277	30 | M	52:59	461
1277	28 | F	52:59	1271
1280	53 | F	53:00	1050
1281	25 | F	53:11	3365
1282	52 | F	53:13	93
1283	76 | F	53:19	1513
1284	68 | F	53:20	534
1284	46 | M	53:20	1825
1286	0 | F	53:22	2219
1286	32 | F	53:22	1872
1288	39 | F	53:24	533
1288	64 | M	53:24	535
1290	12 | F	53:29	1280
1290	28 | M	53:29	1379
1292	41 | F	53:30	1571
1293	53 | M	53:40	1881
1294	50 | F	53:42	1249
1295	15 | F	53:44	136
1296	63 | M	53:45	1878
1297	37 | F	53:47	734
1297	55 | M	53:47	1949
1297	40 | M	53:47	735
1297	31 | M	53:47	1879
1297	53 | F	53:47	1950
1302	56 | F	53:49	1877
1303	56 | F	53:55	72
1304	26 | M	54:01	2207
1305	52 | F	54:04	1628
1306	44 | F	54:08	2160
1307	41 | F	54:09	897
1307	53 | M	54:09	2162
1309	35 |	54:17	1255
1310	59 | F	54:18	673
1311	30 | F	54:35	827
1312	41 | F	54:37	697
1313	36 | F	54:38	451
1314	69 | F	54:39	449
1315	75 | F	54:40	1238
1315	33 | F	54:40	2194
1315	27 | F	54:40	2199
1318	35 | F	54:52	955
1319	33 | M	54:53	132
1320	36 | M	54:55	1895
1321	31 | M	54:57	1519
1322	68 | F	54:58	1017
1322	40 | F	54:58	1894
1324	24 | F	55:05	1669
1324	21 | F	55:05	1684
1326	8 | M	55:06	896
1327	45 | F	55:07	1924
1328	42 | F	55:09	213
1329	30 | M	55:10	1382
1330	58 | M	55:14	376
1331	43 | F	55:19	1361
1332	36 | F	55:26	669
1333	37 | M	55:29	675
1334	58 | F	55:30	891
1335	34 | F	55:33	890
1336	38 | F	55:34	3419
1337	55 | M	55:35	279
1337	47 | F	55:35	467
1339	21 | F	55:37	2175
1340	40 | M	55:42	1475
1341	57 | M	55:43	454
1341	28 | M	55:43	1649
1341	41 | F	55:43	1418
1344	50 | F	55:44	1685
1344	55 | F	55:44	455
1344	34 | M	55:44	615
1344	27 | F	55:44	168
1348	55 | F	55:45	39
1348	65 | F	55:45	638
1350	57 | F	55:49	375
1350	54 | F	55:49	1411
1350	50 | F	55:49	1563
1353	40 | F	55:50	1428
1353	8 | M	55:50	1085
1355	53 | F	55:52	2249
1356	60 | F	55:55	460
1357	58 | F	55:56	910
1358	9 | M	56:01	1052
1359	34 | M	56:04	3469
1359	67 | F	56:04	476
1361	53 | F	56:06	1830
1362	69 | F	56:11	321
1363	43 | M	56:15	807
1364	53 | F	56:16	493
1365	34 | M	56:21	835
1366	71 | F	56:23	1397
1367	60 | F	56:25	1031
1367	61 | F	56:25	456
1369	69 | F	56:26	44
1369	18 | F	56:26	1642
1371	72 | M	56:27	445
1372	56 | F	56:34	849
1373	34 | M	56:35	659
1374	33 | F	56:37	658
1375	70 | M	56:42	152
1375	44 | F	56:42	857
1377	45 | F	56:43	1130
1377	13 | F	56:43	591
1377	25 | F	56:43	316
1377	29 | F	56:43	1449
1381	32 | F	56:44	183
1382	59 | M	56:52	1739
1383	81 | F	56:55	100
1384	30 | F	56:58	740
1385	58 | F	56:59	739
1386	36 | F	57:08	751
1387	37 | M	57:12	752
1388	15 | F	57:15	37
1388	42 | F	57:15	1116
1390	47 | F	57:20	36
1390	0 | M	57:20	2221
1392	34 | M	57:21	13
1392	67 | F	57:21	971
1394	51 | F	57:23	723
1395	42 | F	57:24	932
1396	63 | F	57:26	916
1397	47 | F	57:27	3590
1398	26 | F	57:32	1036
1399	26 | M	57:35	1474
1400	5 | M	57:43	2192
1400	11 | M	57:43	260
1400	36 | F	57:43	259
1400	11 | F	57:43	1316
1404	32 | F	57:44	1025
1405	10 | M	57:46	1318
1405	48 | F	57:46	1308
1407	43 | F	57:47	1317
1407	63 | M	57:47	1309
1407	37 | M	57:47	258
1410	21 | F	57:48	1660
1411	23 | F	57:49	1899
1411	22 | M	57:49	1378
1413	21 | F	57:50	1556
1414	24 | F	57:59	349
1415	62 | M	58:03	1159
1416	33 | M	58:06	395
1417	21 | F	58:07	1582
1417	33 | F	58:07	562
1419	43 | M	58:08	1823
1420	40 | M	58:09	782
1421	43 | F	58:10	733
1422	48 | M	58:13	357
1423	26 | F	58:15	804
1424	60 | M	58:17	797
1424	53 | M	58:17	1581
1424	30 | M	58:17	1315
1427	36 | F	58:18	834
1427	53 | F	58:18	1583
1429	22 | F	58:20	1446
1430	27 | F	58:21	1083
1431	23 | F	58:22	611
1432	72 | F	58:26	1005
1433	28 | F	58:29	1695
1434	61 | F	58:33	527
1435	61 | F	58:34	1588
1435	63 | F	58:34	33
1437	62 | F	58:40	1205
1437	66 | M	58:40	1208
1439	9 | M	58:42	1426
1440	40 | M	58:54	1424
1441	52 | F	58:57	1937
1442	46 | F	59:19	1250
1442	41 | M	59:19	1111
1442	34 | F	59:19	219
1445	42 | F	59:25	1452
1446	68 | F	59:28	667
1447	62 | F	59:30	666
1448	12 | F	59:31	51
1449	44 | F	59:32	50
1450	38 | F	59:39	642
1451	37 | F	59:40	81
1452	52 | F	59:44	1564
1453	56 | F	59:52	1920
1453	34 | F	59:52	637
1455	42 | F	59:53	43
1456	61 | F	59:59	907
1457	33 | F	1:00:01	1619
1457	35 | M	1:00:01	1620
1459	40 | F	1:00:05	1217
1460	26 | F	1:00:09	2213
1461	70 | M	1:00:11	130
1462	50 | F	1:00:16	1018
1463	42 | M	1:00:31	776
1464	23 | F	1:00:34	856
1465	24 | F	1:00:36	332
1465	26 | F	1:00:36	1886
1467	62 | M	1:00:42	678
1467	42 | F	1:00:42	1729
1467	62 | F	1:00:42	166
1467	62 | F	1:00:42	97
1471	48 | M	1:00:43	1730
1472	18 | M	1:00:44	1516
1473	31 | F	1:00:50	1030
1474	30 | F	1:00:51	180
1475	32 | M	1:00:52	1401
1475	32 | M	1:00:52	1321
1477	54 | F	1:00:54	878
1478	32 | F	1:00:55	626
1479	60 | M	1:00:56	179
1480	29 | F	1:00:59	1430
1481	25 | F	1:01:00	19
1481	57 | F	1:01:00	181
1483	29 | F	1:01:01	1713
1483	11 |	1:01:01	2244
1485	35 | F	1:01:05	1215
1486	33 | M	1:01:08	1279
1487	34 | F	1:01:09	679
1488	20 | M	1:01:14	1404
1489	37 | M	1:01:15	1545
1490	12 |	1:01:17	765
1490	47 | F	1:01:17	764
1492	36 | F	1:01:18	1102
1493	68 | F	1:01:22	165
1494	36 | F	1:01:40	10
1495	38 | M	1:01:41	12
1496	27 | F	1:01:45	545
1497	27 | F	1:01:46	754
1498	25 | F	1:01:56	212
1499	29 | F	1:02:02	982
1500	37 | F	1:02:03	287
1501	44 | M	1:02:13	421
1501	44 | F	1:02:13	422
1503	29 | M	1:02:16	984
1504	33 | M	1:02:23	1493
1505	33 | M	1:02:25	1403
1506	47 | F	1:02:29	1299
1507	43 | M	1:02:30	1298
1508	16 | M	1:02:31	1210
1509	51 | M	1:02:33	118
1510	29 | F	1:02:36	398
1511	30 | F	1:02:37	1472
1511	50 | F	1:02:37	1406
1513	24 | F	1:02:47	1495
1514	41 | F	1:02:50	393
1515	15 | F	1:02:53	1936
1516	30 | M	1:03:00	3583
1517	36 | F	1:03:01	820
1518	33 | F	1:03:02	1435
1519	28 | F	1:03:04	1389
1519	28 | M	1:03:04	501
1521	61 | F	1:03:16	479
1521	65 | F	1:03:16	155
1523	51 | F	1:03:19	1422
1523	53 | M	1:03:19	1423
1523	20 | M	1:03:19	1420
1523	20 | F	1:03:19	758
1527	28 | F	1:03:20	1416
1528	26 | M	1:03:21	1167
1529	22 | F	1:03:22	616
1529	21 | F	1:03:22	210
1531	16 | M	1:03:27	1857
1532	65 | F	1:03:33	2191
1533	20 | F	1:03:34	45
1534	29 | F	1:03:55	921
1535	64 | F	1:03:57	920
1536	64 | M	1:03:58	919
1536	25 | M	1:03:58	1365
1538	62 | F	1:04:00	749
1539	47 | F	1:04:01	443
1540	65 | F	1:04:02	1214
1540	60 | F	1:04:02	830
1542	27 | M	1:04:06	624
1542	25 | F	1:04:06	831
1544	71 | M	1:04:10	1216
1545	36 | F	1:04:17	55
1546	61 | M	1:04:19	653
1546	34 | M	1:04:19	1034
1548	38 | F	1:04:20	54
1548	60 | F	1:04:20	654
1550	63 | F	1:04:22	568
1550	63 | M	1:04:22	569
1550	12 | F	1:04:22	655
1553	73 | M	1:04:28	1954
1554	10 | F	1:04:30	463
1555	58 | F	1:04:31	1578
1556	60 | F	1:04:32	83
1557	7 | F	1:04:34	462
1558	47 | M	1:04:38	464
1559	61 | F	1:04:40	42
1560	48 | F	1:04:46	841
1560	60 | M	1:04:46	588
1562	54 | F	1:04:47	937
1563	51 | M	1:05:33	1407
1564	56 | F	1:05:38	1731
1565	51 | F	1:05:41	116
1565	30 | F	1:05:41	80
1567	18 | F	1:05:42	1233
1567	52 | F	1:05:42	1234
1569	37 | M	1:05:51	342
1570	15 | F	1:05:57	373
1570	37 | F	1:05:57	1528
1572	45 | F	1:06:00	444
1573	47 | F	1:06:02	1396
1573	19 | M	1:06:02	61
1575	56 | M	1:06:03	1062
1575	77 | F	1:06:03	649
1577	51 | M	1:06:04	1236
1577	20 | F	1:06:04	1235
1579	49 | F	1:06:05	648
1580	46 | M	1:06:14	25
1581	52 | F	1:06:19	1302
1582	37 | F	1:06:20	551
1583	14 | M	1:06:21	24
1584	36 | M	1:06:22	1156
1584	32 | F	1:06:22	815
1584	32 | F	1:06:22	1567
1587	37 | M	1:06:25	1443
1588	62 | F	1:06:27	1833
1589	37 | F	1:06:31	1515
1590	45 | M	1:06:38	1529
1590	20 | M	1:06:38	1530
1592	60 | M	1:06:40	1300
1593	61 | M	1:06:41	3838
1594	39 | F	1:06:43	731
1594	28 | F	1:06:43	209
1596	28 | F	1:06:49	224
1597	32 | M	1:06:50	187
1598	28 | M	1:06:52	137
1599	35 | F	1:07:11	477
1600	43 | M	1:07:12	76
1601	42 | F	1:07:14	75
1602	50 | F	1:07:22	567
1603	50 | F	1:07:23	969
1604	48 | F	1:07:24	2173
1605	48 | M	1:07:25	2174
1606	22 | F	1:07:26	2231
1607	69 | F	1:07:29	867
1608	40 | F	1:07:30	1351
1608	37 | F	1:07:30	1546
1610	62 | F	1:07:31	1044
1611	45 | F	1:07:33	1900
1612	32 | M	1:07:36	104
1613	47 | F	1:07:37	1358
1614	45 | F	1:07:39	171
1614	37 | F	1:07:39	710
1616	38 | F	1:07:50	727
1617	39 | M	1:07:52	1060
1618	32 | F	1:07:55	1248
1619	32 | F	1:07:56	552
1620	23 | F	1:07:58	1880
1621	65 | F	1:08:00	1901
1622	31 | F	1:08:05	597
1622	34 | M	1:08:05	1442
1624	33 | F	1:08:06	991
1624	33 | F	1:08:06	598
1626	34 | F	1:08:19	1129
1627	94 | F	1:08:21	2228
1628	38 | F	1:08:33	1134
1629	38 | F	1:08:41	32
1629	29 | F	1:08:41	770
1629	43 | M	1:08:41	1466
1632	55 | M	1:08:44	106
1633	37 | F	1:08:47	340
1634	45 | F	1:08:48	2187
1635	11 | F	1:08:51	2189
1636	33 | M	1:09:01	538
1637	37 | M	1:09:01	1417
1638	72 | M	1:09:02	128
1639	33 | F	1:09:05	539
1640	67 | F	1:09:06	129
1641	66 | F	1:09:09	407
1642	52 | F	1:09:16	786
1642	63 | M	1:09:16	401
1644	51 | F	1:09:17	1107
1645	44 | M	1:09:18	833
1646	32 | M	1:09:38	998
1646	31 | F	1:09:38	997
1648	29 | F	1:09:46	1325
1648	32 | F	1:09:46	1334
1650	31 | M	1:09:49	1599
1651	29 | F	1:09:52	1598
1652	32 | F	1:10:05	755
1653	56 | M	1:10:06	2216
1654	67 | M	1:10:18	1080
1655	30 | M	1:10:19	603
1655	30 | M	1:10:19	602
1657	65 | F	1:10:20	868
1658	26 | F	1:10:44	564
1659	25 | M	1:11:24	49
1660	57 | F	1:11:27	40
1661	62 | F	1:11:40	1577
1662	65 | F	1:11:43	737
1662	34 | F	1:11:43	800
1664	35 | F	1:12:06	63
1665	32 | M	1:12:13	64
1666	39 | F	1:12:38	546
1667	24 |	1:12:39	933
1668	13 | F	1:12:49	1467
1669	50 | M	1:12:50	2188
1670	31 | F	1:13:04	1252
1671	32 | F	1:13:06	563
1672	31 | F	1:13:09	218
1673	27 | F	1:13:18	1187
1674	32 | F	1:13:20	47
1674	71 | F	1:13:20	811
1676	45 | F	1:13:21	26
1677	23 | M	1:13:25	1816
1678	32 | F	1:13:28	1952
1678	23 | F	1:13:28	1826
1680	62 | F	1:13:30	232
1681	39 | F	1:13:30	1058
1682	23 | F	1:13:35	368
1683	43 | F	1:13:37	596
1684	50 | F	1:13:39	1544
1684	6 | F	1:13:39	2190
1686	30 | M	1:13:41	814
1687	24 | F	1:13:44	1864
1687	27 | F	1:13:44	1945
1689	23 | M	1:13:45	369
1689	52 | F	1:13:45	1375
1691	51 | F	1:13:48	1464
1692	55 | M	1:13:53	503
1693	75 | F	1:13:54	641
1694	32 | F	1:14:01	417
1694	31 | F	1:14:01	1479
1696	81 | M	1:14:01	640
1697	26 | F	1:14:05	1478
1698	38 | F	1:14:09	1503
1699	36 | M	1:14:19	1496
1700	32 | F	1:14:35	338
1701	30 | M	1:14:36	651
1702	37 | F	1:14:37	1632
1703	29 | F	1:14:39	1369
1704	36 | F	1:15:08	902
1705	61 | F	1:15:22	520
1706	32 | F	1:15:27	573
1707	36 | M	1:15:29	1854
1708	34 | F	1:16:23	1247
1709	66 | F	1:16:34	94
1710	27 | F	1:16:46	2153
1711	65 | F	1:18:04	1587
1712	39 | M	1:18:32	1959
1713	35 | F	1:18:34	1960
1714	69 | M	1:18:38	1520
1715	83 | F	1:18:50	1103
1716	85 | M	1:18:52	1104
1717	17 | F	1:19:06	791
1717	29 | F	1:19:06	90
1717	51 | M	1:19:06	789
1717	55 | F	1:19:06	587
1721	26 | F	1:19:09	561
1722	41 | F	1:19:25	850
1723	43 | F	1:19:26	1069
1724	38 | F	1:19:51	254
1725	43 | M	1:20:08	1473
1726	32 | F	1:21:13	1471
1727	62 | F	1:21:15	339
1728	36 | F	1:21:49	1497
1729	53 | M	1:22:26	753
1730	17 |	1:25:05	720
1731	52 | F	1:26:22	1858
1732	52 | M	1:26:29	1859
1733	51 | F	1:31:25	410
1734	49 | F	1:31:35	845
